Commodity type,Region,ADM2_PCODE,Province,2021,2022,2023,2024,2025
White Corn,CORDILLERA ADMINISTRATIVE REGION (CAR),1400100000,Abra,6138,6138,6138,6136.16,6027
White Corn,CORDILLERA ADMINISTRATIVE REGION (CAR),1408100000,Apayao,42,23,4.98,32.8,5.34
White Corn,CORDILLERA ADMINISTRATIVE REGION (CAR),1401100000,Benguet,37,36.81,34,19.75,88
White Corn,CORDILLERA ADMINISTRATIVE REGION (CAR),1402700000,Ifugao,12,9,5,0,5.7
White Corn,CORDILLERA ADMINISTRATIVE REGION (CAR),1403200000,Kalinga,251.22,223,210,274,304
White Corn,CORDILLERA ADMINISTRATIVE REGION (CAR),1404400000,Mountain Province,19,18.91,19,19,21.27
White Corn,REGION I (ILOCOS REGION),0102800000,Ilocos Norte,2969,3033,2758,2672,2425.6
White Corn,REGION I (ILOCOS REGION),0102900000,Ilocos Sur,3642,3585,3466,2562,2123
White Corn,REGION I (ILOCOS REGION),0103300000,La Union,2244,2091.12,2132.64,2112.83,2097.49
White Corn,REGION I (ILOCOS REGION),0105500000,Pangasinan,3087,3088,2980,2849,2693
White Corn,REGION II (CAGAYAN VALLEY),0200900000,Batanes,59.32,88.78,106.82,98.35,103
White Corn,REGION II (CAGAYAN VALLEY),0201500000,Cagayan,3431,2822,1767,1767,1868.25
White Corn,REGION II (CAGAYAN VALLEY),0203100000,Isabela,3287,2295,1411.96,1324.76,1668.99
White Corn,REGION II (CAGAYAN VALLEY),0205000000,Nueva Vizcaya,549,348,309.8,352,353.54
White Corn,REGION II (CAGAYAN VALLEY),0205700000,Quirino,325,271,52,104,91
White Corn,REGION III (CENTRAL LUZON),0307700000,Aurora,393,190,146,105.49,116
White Corn,REGION III (CENTRAL LUZON),0300800000,Bataan,365.07,371.09,278.02,228.57,2.9
White Corn,REGION III (CENTRAL LUZON),0301400000,Bulacan,479,731.65,502.69,267.64,231
White Corn,REGION III (CENTRAL LUZON),0304900000,Nueva Ecija,7831,6241,4585,3720.54,3916
White Corn,REGION III (CENTRAL LUZON),0305400000,Pampanga,1391.92,2477.84,2392.27,2267.34,2153.27
White Corn,REGION III (CENTRAL LUZON),0306900000,Tarlac,582,440,362,371,382
White Corn,REGION III (CENTRAL LUZON),0307100000,Zambales,143,242.29,145,72.53,21
White Corn,REGION IV-A (CALABARZON),0401000000,Batangas,4304.95,3960,3177.92,2349.76,2044.6
White Corn,REGION IV-A (CALABARZON),0402100000,Cavite,556.38,399.25,419.16,534.82,510.67
White Corn,REGION IV-A (CALABARZON),0403400000,Laguna,809.9,1002,1016,993.32,1094.69
White Corn,REGION IV-A (CALABARZON),0405600000,Quezon,6888,6244,5282,3169.36,4788
White Corn,REGION IV-A (CALABARZON),0405800000,Rizal,256,312,266,159.84,184.85
White Corn,MIMAROPA REGION,1704000000,Marinduque,327,374.66,352,350,354.17
White Corn,MIMAROPA REGION,1705100000,Occidental Mindoro,1964,1683,1331.18,752.12,537.43
White Corn,MIMAROPA REGION,1705200000,Oriental Mindoro,226,245.27,243.75,186.2,189.95
White Corn,MIMAROPA REGION,1705300000,Palawan,2042,1969.66,1942,1960,1883.06
White Corn,MIMAROPA REGION,1705900000,Romblon,622,599,431,405.8,447
White Corn,REGION V (BICOL REGION),0500500000,Albay,4072,3642,3305,2985,3296
White Corn,REGION V (BICOL REGION),0501600000,Camarines Norte,856,824.7,956,793.55,589.26
White Corn,REGION V (BICOL REGION),0501700000,Camarines Sur,7002,6777,6708,6709,6735
White Corn,REGION V (BICOL REGION),0502000000,Catanduanes,378.87,110.68,27.46,17.28,33.05
White Corn,REGION V (BICOL REGION),0504100000,Masbate,38028,37033,37326,34039,24633
White Corn,REGION V (BICOL REGION),0506200000,Sorsogon,144,135,125,120,115
White Corn,REGION VI (WESTERN VISAYAS),0600400000,Aklan,517,469.26,405.8,121,126
White Corn,REGION VI (WESTERN VISAYAS),0600600000,Antique,459.5,521.65,554,332,419
White Corn,REGION VI (WESTERN VISAYAS),0601900000,Capiz,563,572,645,674,733
White Corn,REGION VI (WESTERN VISAYAS),0607900000,Guimaras,372,336.13,260,240,286
White Corn,REGION VI (WESTERN VISAYAS),0603000000,Iloilo,3161,2451,2795,1456,1655.63
White Corn,REGION VI (WESTERN VISAYAS),1804500000,Negros Occidental,40683,40274,34927,0,0
White Corn,NEGROS ISLAND REGION,1804500000,Negros Occidental a/,0,0,0,21654.49,18052
White Corn,NEGROS ISLAND REGION,1804600000,Negros Oriental b/,0,0,0,48791,52372
White Corn,NEGROS ISLAND REGION,1806100000,Siquijor b/,0,0,0,895,809
White Corn,REGION VII (CENTRAL VISAYAS),0701200000,Bohol,8801,4930,6683,6905,6646
White Corn,REGION VII (CENTRAL VISAYAS),0702200000,Cebu,54564,60715,59273,56431,57796.42
White Corn,REGION VII (CENTRAL VISAYAS),1804600000,Negros Oriental,56679,53146,55523,0,0
White Corn,REGION VII (CENTRAL VISAYAS),1806100000,Siquijor,4849,2934.99,2396,0,0
White Corn,REGION VIII (EASTERN VISAYAS),0807800000,Biliran,359,371.58,370.5,372,366
White Corn,REGION VIII (EASTERN VISAYAS),0802600000,Eastern Samar,144,148.13,124,136,90
White Corn,REGION VIII (EASTERN VISAYAS),0803700000,Leyte,27327,25013,24145,21704,21480
White Corn,REGION VIII (EASTERN VISAYAS),0804800000,Northern Samar,6439.1,6406,6342,6321,6322
White Corn,REGION VIII (EASTERN VISAYAS),0806000000,Samar,5672,5721.34,5735,7408.63,7092.79
White Corn,REGION VIII (EASTERN VISAYAS),0806400000,Southern Leyte,1415.65,1297.13,845,481,418
White Corn,REGION IX (ZAMBOANGA PENINSULA),0907200000,Zamboanga del Norte,36134.4,32335.56,29161.95,32028.14,33371.81
White Corn,REGION IX (ZAMBOANGA PENINSULA),0907300000,Zamboanga del Sur,67501,65984.52,65586.74,64532.66,63181.51
White Corn,REGION IX (ZAMBOANGA PENINSULA),0908300000,Zamboanga Sibugay,10916,10848.36,9869.83,9846.5,9132.33
White Corn,REGION IX (ZAMBOANGA PENINSULA),0907400000,Zamboanga City,0,0,0,0,2186
White Corn,REGION X (NORTHERN MINDANAO),1001300000,Bukidnon,41589.27,40565.65,26837,28536,32893
White Corn,REGION X (NORTHERN MINDANAO),1001800000,Camiguin,254,228.4,181,70.5,87.8
White Corn,REGION X (NORTHERN MINDANAO),1003500000,Lanao del Norte,90111,89615,88835,87649.1,90065
White Corn,REGION X (NORTHERN MINDANAO),1004200000,Misamis Occidental,25838.5,24661,24035,19352,15190
White Corn,REGION X (NORTHERN MINDANAO),1004300000,Misamis Oriental,32106,34034.31,30078,28781,25073.2
White Corn,REGION XI (DAVAO REGION),1108200000,Davao de Oro (Compostela Valley),29446,28470,28458,25360,23935
White Corn,REGION XI (DAVAO REGION),1102300000,Davao del Norte,17708,19175,19004.84,20140.3,20500.84
White Corn,REGION XI (DAVAO REGION),1102400000,Davao del Sur,31200,31876,31819,30579.92,24352.54
White Corn,REGION XI (DAVAO REGION),1108600000,Davao Occidental,27087,26618,27589.77,28786.76,29087.99
White Corn,REGION XI (DAVAO REGION),1102500000,Davao Oriental,46045,45030,44951,46041,45435
White Corn,REGION XI (DAVAO REGION),1130700000,City of Davao,0,0,0,0,6438.33
White Corn,REGION XII (SOCCSKSARGEN),1204700000,Cotabato (North Cotabato),22688,22505,22653,23082,22046
White Corn,REGION XII (SOCCSKSARGEN),1208000000,Sarangani,38345,35766.98,35326.4,31382.96,32839.27
White Corn,REGION XII (SOCCSKSARGEN),1206300000,South Cotabato,28162,20487,23587,22358,22793
White Corn,REGION XII (SOCCSKSARGEN),1206500000,Sultan Kudarat,21401,21389,21218,21018,21406
White Corn,REGION XIII (CARAGA),1600200000,Agusan del Norte,3068,3087,2972,2998,3013
White Corn,REGION XIII (CARAGA),1600300000,Agusan del Sur,15718,7976,10982,11347,11218
White Corn,REGION XIII (CARAGA),1608500000,Dinagat Islands,138,99.39,102,111,111
White Corn,REGION XIII (CARAGA),1606700000,Surigao del Norte,605,616,651,663,691
White Corn,REGION XIII (CARAGA),1606800000,Surigao del Sur,3429,3385.6,3201,3373,3469
White Corn,BANGSAMORO AUTONOMOUS REGION IN MUSLIM MINDANAO (BARMM)d/,1900700000,Basilan,382,553.09,365,310,245
White Corn,BANGSAMORO AUTONOMOUS REGION IN MUSLIM MINDANAO (BARMM)d/,1903600000,Lanao del Sur,134646.8,134452.5,134452,134451.5,134446
White Corn,BANGSAMORO AUTONOMOUS REGION IN MUSLIM MINDANAO (BARMM)d/,1908700000,Maguindanao del Norte,0,0,0,19050.37,19050.37
White Corn,BANGSAMORO AUTONOMOUS REGION IN MUSLIM MINDANAO (BARMM)d/,1908800000,Maguindanao del Sur,82033.49,82338.63,54973.41,24494.19,24494.19
White Corn,BANGSAMORO AUTONOMOUS REGION IN MUSLIM MINDANAO (BARMM)d/,1906600000,Sulu,1489,861.84,615,377,364
White Corn,BANGSAMORO AUTONOMOUS REGION IN MUSLIM MINDANAO (BARMM)d/,1907000000,Tawi-tawi,919,919,925,886,606
