Commodity Type,Region,ADM2_PCODE,Province,2021,2022,2023,2024,2025
Yellow Corn,CORDILLERA ADMINISTRATIVE REGION (CAR),1400100000,Abra,4.885416666666667,4.869791666666667,4.869791666666667,4.620968162159345,4.205980066445183
Yellow Corn,CORDILLERA ADMINISTRATIVE REGION (CAR),1408100000,Apayao,4.449314293793298,3.795977081920696,3.4238036735680333,2.837701977076423,2.9686471295734087
Yellow Corn,CORDILLERA ADMINISTRATIVE REGION (CAR),1401100000,Benguet,3.113356643356643,3.266123366587045,3.1576642335766425,2.6714285714285717,2.761904761904762
Yellow Corn,CORDILLERA ADMINISTRATIVE REGION (CAR),1402700000,Ifugao,3.0980559581031035,3.3497236225103237,2.9560455369880985,3.126585177553088,3.7825293595864844
Yellow Corn,CORDILLERA ADMINISTRATIVE REGION (CAR),1403200000,Kalinga,4.25929344979685,4.094704290684191,4.121450326797386,3.4964950293143002,4.362703873598369
Yellow Corn,CORDILLERA ADMINISTRATIVE REGION (CAR),1404400000,Mountain Province,3.512770137524558,3.5846832535539024,3.5054227581009796,3.4437855058185676,3.500242976461655
Yellow Corn,REGION I (ILOCOS REGION),0102800000,Ilocos Norte,6.262086513994911,6.280138169257341,6.123135351830362,6.160730876432332,6.178684759916493
Yellow Corn,REGION I (ILOCOS REGION),0102900000,Ilocos Sur,6.276587379595046,6.077902209167125,6.145620634067706,6.0428580691175515,6.014085474783565
Yellow Corn,REGION I (ILOCOS REGION),0103300000,La Union,6.006985230234578,6.016147704590819,6.086622254303792,6.073163523188554,6.059889014930865
Yellow Corn,REGION I (ILOCOS REGION),0105500000,Pangasinan,6.267954003037535,6.301865340202522,6.26660708966339,6.286311867266591,6.297990912963226
Yellow Corn,REGION II (CAGAYAN VALLEY),0200900000,Batanes,2.8312789927104043,3.383206294566019,3.3702149306880327,3.120214395099541,3.1599999999999997
Yellow Corn,REGION II (CAGAYAN VALLEY),0201500000,Cagayan,4.370183441716005,4.394495804751457,4.5409271406945875,4.506396242023162,4.3633186479582395
Yellow Corn,REGION II (CAGAYAN VALLEY),0203100000,Isabela,4.427500674375283,4.511721982919602,4.4261808385236305,4.458542446092542,4.594915690129771
Yellow Corn,REGION II (CAGAYAN VALLEY),0205000000,Nueva Vizcaya,4.483350181346067,4.589640446823365,4.53435051171804,4.444175695461201,4.604535010453242
Yellow Corn,REGION II (CAGAYAN VALLEY),0205700000,Quirino,4.226163141993958,4.470033644091738,4.478136479971181,4.290570639325088,4.374195464525249
Yellow Corn,REGION III (CENTRAL LUZON),0307700000,Aurora,5.337411944869832,5.679874869655891,5.159086021505376,5.2346847316310585,4.350868421052631
Yellow Corn,REGION III (CENTRAL LUZON),0300800000,Bataan,6.0595160978714215,6.670623109350893,6.210156680107726,6.315994214752382,6.4187322946175644
Yellow Corn,REGION III (CENTRAL LUZON),0301400000,Bulacan,4.33,4.882275248745268,5.072805139186295,4.5620855248113426,5.447058823529412
Yellow Corn,REGION III (CENTRAL LUZON),0304900000,Nueva Ecija,7.069669091427756,7.132795040563295,7.087019504585188,7.045441791344651,6.791264016309888
Yellow Corn,REGION III (CENTRAL LUZON),0305400000,Pampanga,6.394338530940472,6.375735903781081,6.58424669701581,5.0347724348826075,5.790556879468205
Yellow Corn,REGION III (CENTRAL LUZON),0306900000,Tarlac,7.02513923662562,7.054890525885001,7.065871083616045,7.005931198102017,7.013706086095992
Yellow Corn,REGION III (CENTRAL LUZON),0307100000,Zambales,5.717571884984025,5.816072845430158,5.95175086107922,4.954115421002839,5.5262278978389
Yellow Corn,REGION IV-A (CALABARZON),0401000000,Batangas,4.538863807373965,4.1681586021505375,4.210369674185464,3.819675382631979,3.8982595579277137
Yellow Corn,REGION IV-A (CALABARZON),0402100000,Cavite,1.9236883942766296,2.1918771153345484,1.9814451928965093,1.8328968046097431,2.7416666666666667
Yellow Corn,REGION IV-A (CALABARZON),0403400000,Laguna,3.8528582414765444,4.303926829268293,4.644964028776979,4.36013298711384,4.543680419122462
Yellow Corn,REGION IV-A (CALABARZON),0405600000,Quezon,3.3823901821369438,3.434857536764706,3.632705946535734,3.170250175330164,3.4578003861577304
Yellow Corn,REGION IV-A (CALABARZON),0405800000,Rizal,4.167322834645669,4.192866666666666,3.7009236947791164,3.2996148236789944,3.59874251497006
Yellow Corn,MIMAROPA REGION,1704000000,Marinduque,3.6363636363636362,3.76,4.153846153846154,3.8372093023255816,3.842016806722689
Yellow Corn,MIMAROPA REGION,1705100000,Occidental Mindoro,4.834603498542274,4.785982515398371,5.10020832452096,4.446285846937093,5.7675136602745045
Yellow Corn,MIMAROPA REGION,1705200000,Oriental Mindoro,3.0330715774843644,2.899575163398693,2.9349945397007597,3.4317027740989663,3.381010180109632
Yellow Corn,MIMAROPA REGION,1705300000,Palawan,3.5559112737251315,3.508656124799561,3.4876063829787234,3.4548654493032194,3.509710324337707
Yellow Corn,MIMAROPA REGION,1705900000,Romblon,4.7272727272727275,4.876106194690266,4.782945736434108,4.481909547738693,4.742857142857143
Yellow Corn,MIMAROPA REGION,1731500000,Puerto Princesa City,0,0,0,0,0
Yellow Corn,REGION V (BICOL REGION),0500500000,Albay,2.7493233896674085,3.1992645660305588,3.2516347318185055,3.054111675126904,2.9507027551887366
Yellow Corn,REGION V (BICOL REGION),0501600000,Camarines Norte,4.160982658959537,4.132196399710193,4.267368421052632,3.5184813177983125,3.658508474576271
Yellow Corn,REGION V (BICOL REGION),0501700000,Camarines Sur,4.209227152512489,4.225542314378575,4.069329601831828,3.870891421593569,4.012033511043412
Yellow Corn,REGION V (BICOL REGION),0502000000,Catanduanes,1.2318181818181817,0,0,0,0
Yellow Corn,REGION V (BICOL REGION),0504100000,Masbate,2.3155619596541785,2.711348773841962,2.5660950173812282,2.7813229571984435,3.0748663101604277
Yellow Corn,REGION V (BICOL REGION),0506200000,Sorsogon,2.3488372093023258,2.3832432432432435,2.3353731343283584,2.2357142857142858,1.9389006342494715
Yellow Corn,REGION VI (WESTERN VISAYAS),0600400000,Aklan,2.6803882352941177,2.5142078995384782,3.098036392197932,2.8985526315789474,2.967686245074123
Yellow Corn,REGION VI (WESTERN VISAYAS),0600600000,Antique,4.654928671655753,4.766792901778089,4.905048701298702,4.181580966999233,4.281086021505376
Yellow Corn,REGION VI (WESTERN VISAYAS),0601900000,Capiz,3.877696320511929,4.434630611286319,4.191547442299905,4.79403038074571,4.899372972972973
Yellow Corn,REGION VI (WESTERN VISAYAS),0607900000,Guimaras,4.149466192170818,3.959447709804195,3.4485981308411215,2.1157894736842104,2.4084
Yellow Corn,REGION VI (WESTERN VISAYAS),0603000000,Iloilo,4.856133205974297,4.687104450080701,4.662476475434716,4.635530037947858,4.548751457442673
Yellow Corn,REGION VI (WESTERN VISAYAS),1804500000,Negros Occidental,2.9882978723404254,2.9692818152627636,2.8984823625922886,0,0
Yellow Corn,NEGROS ISLAND REGION,1804500000,Negros Occidental,0,0,0,2.240365291056898,2.0819047619047617
Yellow Corn,NEGROS ISLAND REGION,1804600000,Negros Oriental,0,0,0,2.0219842312746388,1.9983350785340315
Yellow Corn,NEGROS ISLAND REGION,1806100000,Siquijor,0,0,0,1.6971830985915493,3.109090909090909
Yellow Corn,NEGROS ISLAND REGION,1830200000,Bacolod City,0,0,0,0,0
Yellow Corn,REGION VII (CENTRAL VISAYAS),0701200000,Bohol,2.997938144329897,2.681127819548872,2.695108695652174,2.8948931116389547,2.900424354243542
Yellow Corn,REGION VII (CENTRAL VISAYAS),0702200000,Cebu,4.2,4.003846153846154,3.6356382978723403,3.7210401891252953,3.5564598168870805
Yellow Corn,REGION VII (CENTRAL VISAYAS),1804600000,Negros Oriental,1.6578947368421053,1.5622291021671828,1.8972395833333333,0,0
Yellow Corn,REGION VII (CENTRAL VISAYAS),1806100000,Siquijor,0,2.3333333333333335,2.86,0,0
Yellow Corn,REGION VIII (EASTERN VISAYAS),0807800000,Biliran,1.1818181818181819,1.171500829842725,1.148,1.1588800000000001,1.1422764227642277
Yellow Corn,REGION VIII (EASTERN VISAYAS),0802600000,Eastern Samar,1.2391304347826086,1.1294551413355183,1.2097560975609756,1.164074074074074,1.2249999999999999
Yellow Corn,REGION VIII (EASTERN VISAYAS),0803700000,Leyte,1.5427117611212675,1.506530612244898,1.4509036505086774,1.4789220038046926,1.4531151667715545
Yellow Corn,REGION VIII (EASTERN VISAYAS),0804800000,Northern Samar,2.0646316354847376,2.065994500458295,2.0678605089538173,2.0829315332690452,2.063229571984436
Yellow Corn,REGION VIII (EASTERN VISAYAS),0806000000,Samar,1.644256120527307,1.6049663887154244,1.6090909090909091,1.7816905901116427,1.6988102893890678
Yellow Corn,REGION VIII (EASTERN VISAYAS),0806400000,Southern Leyte,2.358118146444995,2.3488594977956683,2.2804878048780486,2.2209302325581395,2.08
Yellow Corn,REGION IX (ZAMBOANGA PENINSULA),1906600000,Sulu,0,0,0,0,0
Yellow Corn,REGION IX (ZAMBOANGA PENINSULA),0907200000,Zamboanga del Norte,2.749411764705882,2.5895412349344453,2.8225137818911645,3.1322648937100865,3.1255496984715876
Yellow Corn,REGION IX (ZAMBOANGA PENINSULA),0907300000,Zamboanga del Sur,2.502711468604048,2.7853265193012766,2.8982558744459492,3.3135198886933446,3.292837163392507
Yellow Corn,REGION IX (ZAMBOANGA PENINSULA),0908300000,Zamboanga Sibugay,3.553390722142516,3.552325750735444,3.270266253676241,2.8551245342223965,2.910476021943019
Yellow Corn,REGION IX (ZAMBOANGA PENINSULA),0907400000,Zamboanga City,0,0,0,0,4.197461645746165
Yellow Corn,REGION X (NORTHERN MINDANAO),1001300000,Bukidnon,4.836218650319487,4.831201568641668,4.914027648426891,5.065276850025114,5.057729704268531
Yellow Corn,REGION X (NORTHERN MINDANAO),1001800000,Camiguin,2.4681159420289855,2.244572856473528,2.229,1.9804444444444445,2.2659003831417626
Yellow Corn,REGION X (NORTHERN MINDANAO),1003500000,Lanao del Norte,4.691010322685524,4.460286473463633,4.4295250861738795,3.980149607264795,3.943940233142268
Yellow Corn,REGION X (NORTHERN MINDANAO),1004200000,Misamis Occidental,3.9920801526717558,3.905315145813735,3.64869109947644,3.6818181818181817,3.487007874015748
Yellow Corn,REGION X (NORTHERN MINDANAO),1004300000,Misamis Oriental,4.6857599767391145,4.56137938387771,4.512577090629538,4.075246993524514,4.008815592203898
Yellow Corn,REGION XI (DAVAO REGION),1108200000,Davao de Oro (Compostela Valley),2.693422519509476,2.444030248162744,2.607570365577483,2.4678042206927233,2.586649161196207
Yellow Corn,REGION XI (DAVAO REGION),1102300000,Davao del Norte,2.366015479876161,2.910333589546503,2.9717178972871463,2.79459440096004,2.9612175868048554
Yellow Corn,REGION XI (DAVAO REGION),1102400000,Davao del Sur,3.603199683981829,3.5560779856618288,3.593204052629166,3.1295332678800696,3.161584154218706
Yellow Corn,REGION XI (DAVAO REGION),1108600000,Davao Occidental,2.706510194404931,2.6620303605313094,2.9903395952376406,3.2626738634004564,3.2162820002380648
Yellow Corn,REGION XI (DAVAO REGION),1102500000,Davao Oriental,2.3129660314830156,2.3135561497326202,2.419237288135593,2.356085409252669,2.469618717504333
Yellow Corn,REGION XI (DAVAO REGION),1130700000,City of Davao,0,0,0,0,3.3477798165137616
Yellow Corn,REGION XII (SOCCSKSARGEN),1204700000,Cotabato (North Cotabato),3.051424004818105,2.8284905361043653,2.5935745324935304,2.6943080699601105,2.843958146933095
Yellow Corn,REGION XII (SOCCSKSARGEN),1208000000,Sarangani,3.280661712307849,3.042464799564176,3.0525546251436113,3.3671157771188738,3.477453616029453
Yellow Corn,REGION XII (SOCCSKSARGEN),1206300000,South Cotabato,3.200027080351271,3.22632744579387,3.37321165379731,3.3050812869872797,3.549280109865837
Yellow Corn,REGION XII (SOCCSKSARGEN),1206500000,Sultan Kudarat,2.816092124154468,3.1037866382965604,3.25838662720947,2.8973397492637236,3.1365685996279127
Yellow Corn,REGION XIII (CARAGA),1600200000,Agusan del Norte,4.49368115942029,4.53287871407696,4.697446906740535,4.733393994540491,4.755777072949705
Yellow Corn,REGION XIII (CARAGA),1600300000,Agusan del Sur,4.939593472659605,4.934910697845701,4.720533964177087,5.064689052853486,5.100502410364568
Yellow Corn,REGION XIII (CARAGA),1608500000,Dinagat Islands,3.03125,2.906158357771261,2.7278125,3.0232558139534884,2.9527906976744185
Yellow Corn,REGION XIII (CARAGA),1606700000,Surigao del Norte,2.4409420289855075,2.18353977232047,2.635806451612903,2.656346749226006,2.681948424068768
Yellow Corn,REGION XIII (CARAGA),1606800000,Surigao del Sur,3.4264799999999997,3.338614830072091,3.167249417249417,3.6055951727921007,3.4671437865972674
Yellow Corn,REGION XIII (CARAGA),1630400000,Butuan City,0,0,0,0,0
Yellow Corn,BANGSAMORO AUTONOMOUS REGION IN MUSLIM MINDANAO (BARMM)d/,1900700000,Basilan,0,0,0,0,0
Yellow Corn,BANGSAMORO AUTONOMOUS REGION IN MUSLIM MINDANAO (BARMM)d/,1903600000,Lanao del Sur,3.4325400478160604,3.367455569896743,3.391229392955346,3.404565641019276,3.400396954448298
Yellow Corn,BANGSAMORO AUTONOMOUS REGION IN MUSLIM MINDANAO (BARMM)d/,1908700000,Maguindanao del Norte,0,0,0,4.120623774582935,4.274481728441473
Yellow Corn,BANGSAMORO AUTONOMOUS REGION IN MUSLIM MINDANAO (BARMM)d/,1908800000,Maguindanao del Sur,4.3712165879803235,4.252134982444914,4.279532397368864,4.217066902852377,4.412587048758776
Yellow Corn,BANGSAMORO AUTONOMOUS REGION IN MUSLIM MINDANAO (BARMM)d/,1906600000,Sulu,0,0,0,0,0
Yellow Corn,BANGSAMORO AUTONOMOUS REGION IN MUSLIM MINDANAO (BARMM)d/,1907000000,Tawi-tawi,0,0,0,0,0
